{
    "$schema": "https://schema.management.azure.com/schemas/2015-01-01/deploymentTemplate.json#",
    "contentVersion": "1.0.0.0",
    "parameters": {
        "BU_name": {
            "defaultValue": "ETS",
            "metadata": {
                "description": "BU name per our scaffold naming convenstions"
            },
            "type": "String"
        },
        "vnet_context": {
            "defaultValue": "DevTest",
            "metadata": {
                "description": "Azure vnet context per our scaffold naming convenstions"
            },
            "type": "String"
        },
        "vnet_number": {
            "defaultValue": "01",
            "metadata": {
                "description": "Azure vnet number per our scaffold naming convenstions and what exists currently in region and subscription"
            },
            "type": "String"
        },
        "CIDRBlock": {
            "defaultValue": "0.0.0.0/22",
            "metadata": {
                "description": "CIDR supplied by Network for next available IP space"
            },
            "type": "String"
        },
        "subnetFE1": {
            "defaultValue": "0.0.0.0/24",
            "metadata": {
                "description": "CIDR for Front END subnet"
            },
            "type": "String"
        },
        "subnetBE1": {
            "defaultValue": "0.0.0.0/24",
            "metadata": {
                "description": "CIDR for Backend subnet 1"
            },
            "type": "String"
        },
        "subnetBE2": {
            "defaultValue": "0.0.0.0/24",
            "metadata": {
                "description": "CIDR for Backend subnet 2"
            },
            "type": "String"
        },
        "subnetDMZ": {
            "defaultValue": "0.0.0.0/25",
            "metadata": {
                "description": "CIDR for DMZ subnet"
            },
            "type": "String"
        },
        "subnetMGMT": {
            "defaultValue": "0.0.0.0/25",
            "metadata": {
                "description": "CIDR for MGMT"
            },
            "type": "String"
        }
    },
    "variables": {
        "location": "[resourceGroup().location]",
        "vnet_name": "[concat('vnet-', parameters('BU_name'), parameters('vnet_context'), parameters('vnet_number'), '-',variables('location'))]",
        "routeTables_udr": "udr-DEFAULT_TRANSIT",
        "subnetFE1_name": "[concat('sb-',parameters('BU_name'), 'frontend1')]",
        "subnetBE1_name": "[concat('sb-',parameters('BU_name'), 'backend1')]",
        "subnetBE2_name": "[concat('sb-',parameters('BU_name'), 'backend2')]",
        "subnetmgmt_name": "[concat('sb-',parameters('BU_name'), 'mgmt')]",
        "subnetDMZ_name": "[concat('sb-',parameters('BU_name'), 'DMZ')]"
    },
    "resources": [
        {
            "comments": "Build RouteTable",
            "type": "Microsoft.Network/routeTables",
            "name": "[variables('routeTables_udr')]",
            "apiVersion": "2016-03-30",
            "location": "[resourceGroup().location]",
            "properties": {
                "routes": [
                    {
                        "name": "default",
                        "properties": {
                            "addressPrefix": "0.0.0.0/0",
                            "nextHopType": "VirtualAppliance",
                            "nextHopIpAddress": "10.15.249.4"
                        }
                    }
                ]
            },
            "resources": [],
            "dependsOn": []
        },
        {
            "comments": "vnet setup",
            "type": "Microsoft.Network/virtualNetworks",
            "name": "[variables('vnet_name')]",
            "apiVersion": "2016-03-30",
            "location": "[resourceGroup().location]",
            "properties": {
                "addressSpace": {
                    "addressPrefixes": [
                        "[parameters('CIDRBlock')]"
                    ]
                },
                "subnets": [
                    {
                        "name": "[variables('subnetFE1_name')]",
                        "properties": {
                            "addressPrefix": "[parameters('subnetFE1')]",
                            "routeTable": {
                                "id": "[resourceId('Microsoft.Network/routeTables', variables('routeTables_udr'))]"
                            }
                        }
                    },
                    {
                        "name": "[variables('subnetBE1_name')]",
                        "properties": {
                            "addressPrefix": "[parameters('subnetBE1')]",
                            "routeTable": {
                                "id": "[resourceId('Microsoft.Network/routeTables', variables('routeTables_udr'))]"
                            }
                        }
                    },
                    {
                        "name": "[variables('subnetBE2_name')]",
                        "properties": {
                            "addressPrefix": "[parameters('subnetBE2')]",
                            "routeTable": {
                                "id": "[resourceId('Microsoft.Network/routeTables', variables('routeTables_udr'))]"
                            }
                        }
                    },
                    {
                        "name": "[variables('subnetDMZ_name')]",
                        "properties": {
                            "addressPrefix": "[parameters('subnetDMZ')]",
                            "routeTable": {
                                "id": "[resourceId('Microsoft.Network/routeTables', variables('routeTables_udr'))]"
                            }
                        }
                    },
                    {
                        "name": "[variables('subnetmgmt_name')]",
                        "properties": {
                            "addressPrefix": "[parameters('subnetmgmt')]",
                            "routeTable": {
                                "id": "[resourceId('Microsoft.Network/routeTables', variables('routeTables_udr'))]"
                            }
                        }
                    }                                                            
                ]
            },
            "resources": [],
            "dependsOn": [
                "[resourceId('Microsoft.Network/routeTables', variables('routeTables_udr'))]"
            ]
        }
    ]
}