{
  "$schema": "https://schema.management.azure.com/schemas/2015-01-01/deploymentTemplate.json#",
  "contentVersion": "1.0.0.0",
  "parameters": {
    "storageAccountName": {
      "type": "string",
      "defaultValue": "<deploymentprefix><index>sa",
      "metadata": {
        "description": "Storage Account Name"
      }
    },
    "storageAccountType": {
      "type": "string",
      "defaultValue": "Standard_LRS",
      "allowedValues": [
        "Standard_LRS",
        "Standard_GRS",
        "Standard_ZRS",
        "Premium_LRS"
      ],
      "metadata": {
        "description": "Storage Account type"
      }
    },
        "location": {
            "defaultValue": "WestUS",
            "allowedValues": [
                "WestUS",
                "EastUS",
                "CentralUS",
                "EastUS2",
                "WestUS2"

            ],
            "type": "string",
            "metadata": {
                "description": "Location"
            }
        }
  },
  "variables": {
    "storageAccountName": "[concat(uniquestring(resourceGroup().id), 'standardsa')]"
  },
  "resources": [
    {
      "type": "Microsoft.Storage/storageAccounts",
      "name": "[variables('storageAccountName')]",
      "apiVersion": "2016-01-01",
      "location": "[parameters('location')]",
      "sku": {
          "name": "[parameters('storageAccountType')]"
      },
      "kind": "Storage", 
      "properties": {
      }
    }
  ],
  "outputs": {
      "storageAccountName": {
          "type": "string",
          "value": "[variables('storageAccountName')]"
      }
  }
}